_unit_id,_created_at,_id,_started_at,_tainted,_channel,_trust,_worker_id,_country,_region,_city,_ip,rating,image_name,url
726049306,5/26/2015 15:32:50,1643434598,5/26/2015 15:32:44,false,clixsense,1,32145508,BIH,01,Sarajevo,185.13.242.248,4,blackman1,https://raw.githubusercontent.com/kmunger/images/master/blackman1.jpg
726049306,5/26/2015 15:32:54,1643434614,5/26/2015 15:32:46,false,neodev,1,30448360,POL,73,Polska,31.61.136.172,1,blackman1,https://raw.githubusercontent.com/kmunger/images/master/blackman1.jpg
726049306,5/26/2015 15:33:00,1643434627,5/26/2015 15:32:43,false,clixsense,1,29593510,BIH,02,Banja Luka,79.143.166.165,6,blackman1,https://raw.githubusercontent.com/kmunger/images/master/blackman1.jpg
726049306,5/26/2015 15:33:02,1643434630,5/26/2015 15:32:45,false,neodev,1,30666873,ESP,58,A Coruña,62.32.151.38,7,blackman1,https://raw.githubusercontent.com/kmunger/images/master/blackman1.jpg
726049306,5/26/2015 15:33:17,1643434693,5/26/2015 15:32:44,false,neodev,1,28513920,JOR,02,Amman,212.34.12.190,7,blackman1,https://raw.githubusercontent.com/kmunger/images/master/blackman1.jpg
726049307,5/26/2015 15:32:18,1643434464,5/26/2015 15:32:09,false,neodev,1,22222226,IND,10,Gurgaon,14.98.120.51,7,blackman2,https://raw.githubusercontent.com/kmunger/images/master/blackman2.jpg
726049307,5/26/2015 15:32:22,1643434480,5/26/2015 15:32:14,false,neodev,1,27667288,CAN,MB,Brandon,216.36.187.168,8,blackman2,https://raw.githubusercontent.com/kmunger/images/master/blackman2.jpg
726049307,5/26/2015 15:32:25,1643434488,5/26/2015 15:32:11,false,neodev,1.0,30666873,ESP,58,A Coruña,62.32.151.38,8,blackman2,https://raw.githubusercontent.com/kmunger/images/master/blackman2.jpg
726049307,5/26/2015 15:32:32,1643434508,5/26/2015 15:32:08,false,neodev,1,32538487,SRB,00,Belgrade,24.135.227.164,7,blackman2,https://raw.githubusercontent.com/kmunger/images/master/blackman2.jpg
726049307,5/26/2015 15:32:42,1643434533,5/26/2015 15:32:10,false,neodev,1.0,28513920,JOR,02,Amman,212.34.12.190,5,blackman2,https://raw.githubusercontent.com/kmunger/images/master/blackman2.jpg
726049308,5/26/2015 15:33:12,1643434680,5/26/2015 15:33:05,false,clixsense,1,6340330,USA,NY,Canajoharie,67.248.115.74,7,blackman3,https://raw.githubusercontent.com/kmunger/images/master/blackman3.jpg
726049308,5/26/2015 15:33:16,1643434687,5/26/2015 15:33:08,false,neodev,1.0,27667288,CAN,MB,Brandon,216.36.187.168,5,blackman3,https://raw.githubusercontent.com/kmunger/images/master/blackman3.jpg
726049308,5/26/2015 15:33:22,1643434708,5/26/2015 15:33:03,false,neodev,1.0,30666873,ESP,58,A Coruña,62.32.151.38,8,blackman3,https://raw.githubusercontent.com/kmunger/images/master/blackman3.jpg
726049308,5/26/2015 15:33:22,1643434709,5/26/2015 15:33:10,false,elite,1,25613990,IND,02,Hyderabad,49.204.39.199,2,blackman3,https://raw.githubusercontent.com/kmunger/images/master/blackman3.jpg
726049308,5/26/2015 15:34:01,1643434854,5/26/2015 15:33:12,false,clixsense,1,29523309,JPN,"","",43.249.226.124,7,blackman3,https://raw.githubusercontent.com/kmunger/images/master/blackman3.jpg
726049309,5/26/2015 15:29:58,1643433668,5/26/2015 15:29:38,false,clixsense,1,18526351,IND,13,Pathanamthitta,117.248.60.157,5,blackman4,https://raw.githubusercontent.com/kmunger/images/master/blackman4.jpg
726049309,5/26/2015 15:29:58,1643433669,5/26/2015 15:29:41,false,neodev,1.0,30666873,ESP,58,A Coruña,62.32.151.38,3,blackman4,https://raw.githubusercontent.com/kmunger/images/master/blackman4.jpg
726049309,5/26/2015 15:29:59,1643433682,5/26/2015 15:29:45,false,clixsense,1,32253362,TUR,"","",195.142.179.118,7,blackman4,https://raw.githubusercontent.com/kmunger/images/master/blackman4.jpg
726049309,5/26/2015 15:30:00,1643433684,5/26/2015 15:29:45,false,neodev,1,32357331,IND,35,Indore,103.19.128.191,6,blackman4,https://raw.githubusercontent.com/kmunger/images/master/blackman4.jpg
726049309,5/26/2015 15:30:14,1643433746,5/26/2015 15:29:44,false,clixsense,1,31544277,UKR,04,Dnepropetrovsk,188.247.114.67,6,blackman4,https://raw.githubusercontent.com/kmunger/images/master/blackman4.jpg
726049310,5/26/2015 15:32:37,1643434521,5/26/2015 15:32:32,false,neodev,1,30571937,GRC,35,Athens,195.134.64.25,2,blackman5,https://raw.githubusercontent.com/kmunger/images/master/blackman5.jpg
726049310,5/26/2015 15:32:42,1643434530,5/26/2015 15:32:29,false,neodev,1.0,30666873,ESP,58,A Coruña,62.32.151.38,6,blackman5,https://raw.githubusercontent.com/kmunger/images/master/blackman5.jpg
726049310,5/26/2015 15:32:40,1643434531,5/26/2015 15:32:31,false,clixsense,1.0,32145508,BIH,01,Sarajevo,185.13.242.248,3,blackman5,https://raw.githubusercontent.com/kmunger/images/master/blackman5.jpg
726049310,5/26/2015 15:32:44,1643434557,5/26/2015 15:32:28,false,elite,1,32306791,GBR,H9,London,31.3.224.69,7,blackman5,https://raw.githubusercontent.com/kmunger/images/master/blackman5.jpg
726049310,5/26/2015 15:32:51,1643434603,5/26/2015 15:32:29,false,clixsense,1,21516515,IND,07,New Delhi,61.1.218.74,6,blackman5,https://raw.githubusercontent.com/kmunger/images/master/blackman5.jpg
726049311,5/26/2015 15:33:31,1643434717,5/26/2015 15:33:25,false,neodev,1,20406761,PRT,22,Viseu,2.80.205.150,3,blackman6,https://raw.githubusercontent.com/kmunger/images/master/blackman6.jpg
726049311,5/26/2015 15:33:37,1643434764,5/26/2015 15:33:24,false,elite,1.0,25613990,IND,02,Hyderabad,49.204.39.199,2,blackman6,https://raw.githubusercontent.com/kmunger/images/master/blackman6.jpg
726049311,5/26/2015 15:33:41,1643434783,5/26/2015 15:33:28,false,clixsense,1,11429802,POL,84,Kielce,89.68.243.38,2,blackman6,https://raw.githubusercontent.com/kmunger/images/master/blackman6.jpg
726049311,5/26/2015 15:33:48,1643434817,5/26/2015 15:33:27,false,neodev,1,31865309,VEN,"","",190.72.29.227,4,blackman6,https://raw.githubusercontent.com/kmunger/images/master/blackman6.jpg
726049311,5/26/2015 15:34:28,1643435014,5/26/2015 15:34:04,false,clixsense,1,32318873,PAK,08,Islamabad,39.34.190.8,1,blackman6,https://raw.githubusercontent.com/kmunger/images/master/blackman6.jpg
726049312,5/26/2015 15:32:48,1643434568,5/26/2015 15:32:38,false,neodev,1,30623463,VEN,"","",201.208.19.135,6,blackman7,https://raw.githubusercontent.com/kmunger/images/master/blackman7.jpg
726049312,5/26/2015 15:32:48,1643434569,5/26/2015 15:32:37,false,clixsense,1,32369057,HKG,00,Central District,14.198.175.42,5,blackman7,https://raw.githubusercontent.com/kmunger/images/master/blackman7.jpg
726049312,5/26/2015 15:32:49,1643434587,5/26/2015 15:32:40,false,clixsense,1,29779385,ARG,"","",201.176.155.235,6,blackman7,https://raw.githubusercontent.com/kmunger/images/master/blackman7.jpg
726049312,5/26/2015 15:32:53,1643434605,5/26/2015 15:32:41,false,clixsense,1,29843084,MEX,16,Morelia,189.168.214.96,5,blackman7,https://raw.githubusercontent.com/kmunger/images/master/blackman7.jpg
726049312,5/26/2015 15:33:09,1643434667,5/26/2015 15:32:43,false,clixsense,1.0,29523309,JPN,"","",43.249.226.124,7,blackman7,https://raw.githubusercontent.com/kmunger/images/master/blackman7.jpg
726049313,5/26/2015 15:32:04,1643434318,5/26/2015 15:31:54,false,elite,1,31806068,MYS,14,Kuala Lumpur,60.50.124.21,5,blackman8,https://raw.githubusercontent.com/kmunger/images/master/blackman8.jpg
726049313,5/26/2015 15:32:04,1643434321,5/26/2015 15:31:49,false,clixsense,1.0,32369057,HKG,00,Central District,14.198.175.42,7,blackman8,https://raw.githubusercontent.com/kmunger/images/master/blackman8.jpg
726049313,5/26/2015 15:32:08,1643434332,5/26/2015 15:31:51,false,neodev,1.0,30666873,ESP,58,A Coruña,62.32.151.38,3,blackman8,https://raw.githubusercontent.com/kmunger/images/master/blackman8.jpg
726049313,5/26/2015 15:32:14,1643434408,5/26/2015 15:31:53,false,neodev,1,21222934,DEU,01,Stuttgart,89.12.60.61,7,blackman8,https://raw.githubusercontent.com/kmunger/images/master/blackman8.jpg
726049313,5/26/2015 15:33:36,1643434759,5/26/2015 15:33:10,false,clixsense,1,6623267,IND,28,Howrah,202.142.80.209,3,blackman8,https://raw.githubusercontent.com/kmunger/images/master/blackman8.jpg
726049314,5/26/2015 15:32:52,1643434604,5/26/2015 15:32:47,false,neodev,1.0,32538487,SRB,00,Belgrade,24.135.227.164,7,blackman9,https://raw.githubusercontent.com/kmunger/images/master/blackman9.jpg
726049314,5/26/2015 15:32:54,1643434607,5/26/2015 15:32:47,false,neodev,1,25995345,IND,02,Hyderabad,124.123.181.100,4,blackman9,https://raw.githubusercontent.com/kmunger/images/master/blackman9.jpg
726049314,5/26/2015 15:32:53,1643434610,5/26/2015 15:32:46,false,neodev,1.0,22222226,IND,10,Gurgaon,14.98.120.51,6,blackman9,https://raw.githubusercontent.com/kmunger/images/master/blackman9.jpg
726049314,5/26/2015 15:33:01,1643434628,5/26/2015 15:32:48,false,neodev,1.0,21222934,DEU,01,Stuttgart,89.12.60.61,6,blackman9,https://raw.githubusercontent.com/kmunger/images/master/blackman9.jpg
726049314,5/26/2015 15:33:11,1643434677,5/26/2015 15:32:48,false,elite,1.0,32306791,GBR,H9,London,31.3.224.69,6,blackman9,https://raw.githubusercontent.com/kmunger/images/master/blackman9.jpg
726049315,5/26/2015 15:33:00,1643434626,5/26/2015 15:32:54,false,clixsense,1.0,29843084,MEX,16,Morelia,189.168.214.96,3,blackman10,https://raw.githubusercontent.com/kmunger/images/master/blackman10.jpg
726049315,5/26/2015 15:33:02,1643434632,5/26/2015 15:32:52,false,clixsense,1,9336845,SRB,"","",24.135.100.217,7,blackman10,https://raw.githubusercontent.com/kmunger/images/master/blackman10.jpg
726049315,5/26/2015 15:33:03,1643434654,5/26/2015 15:32:53,false,clixsense,1.0,21516515,IND,07,New Delhi,61.1.218.74,8,blackman10,https://raw.githubusercontent.com/kmunger/images/master/blackman10.jpg
726049315,5/26/2015 15:33:28,1643434720,5/26/2015 15:33:00,false,clixsense,1,32419833,BGD,81,Dhaka,58.97.218.70,3,blackman10,https://raw.githubusercontent.com/kmunger/images/master/blackman10.jpg
726049315,5/26/2015 15:33:36,1643434757,5/26/2015 15:32:57,false,clixsense,1,31669415,FIN,13,Helsinki,37.136.101.115,5,blackman10,https://raw.githubusercontent.com/kmunger/images/master/blackman10.jpg
726049316,5/26/2015 15:29:40,1643433557,5/26/2015 15:29:35,false,neodev,1,30427447,ITA,10,Ancona,151.76.93.69,7,blackman11,https://raw.githubusercontent.com/kmunger/images/master/blackman11.jpg
726049316,5/26/2015 15:29:49,1643433585,5/26/2015 15:29:35,false,neodev,1,21508570,BIH,01,Jajce,176.61.187.102,8,blackman11,https://raw.githubusercontent.com/kmunger/images/master/blackman11.jpg
726049316,5/26/2015 15:29:55,1643433666,5/26/2015 15:29:35,false,elite,1,25620782,IDN,10,Yogyakarta,118.97.15.67,7,blackman11,https://raw.githubusercontent.com/kmunger/images/master/blackman11.jpg
726049316,5/26/2015 15:30:01,1643433689,5/26/2015 15:29:33,false,clixsense,1,30499266,IND,13,Kochi,59.89.213.88,5,blackman11,https://raw.githubusercontent.com/kmunger/images/master/blackman11.jpg
726049316,5/26/2015 15:30:16,1643433749,5/26/2015 15:29:32,false,clixsense,1,32091927,VEN,"","",190.202.25.126,8,blackman11,https://raw.githubusercontent.com/kmunger/images/master/blackman11.jpg
726049317,5/26/2015 15:30:20,1643433761,5/26/2015 15:30:16,false,clixsense,1.0,32253362,TUR,"","",195.142.179.118,4,blackman12,https://raw.githubusercontent.com/kmunger/images/master/blackman12.jpg
726049317,5/26/2015 15:30:24,1643433791,5/26/2015 15:30:13,false,clixsense,1,32442872,SRB,00,Sombor,188.2.169.179,3,blackman12,https://raw.githubusercontent.com/kmunger/images/master/blackman12.jpg
726049317,5/26/2015 15:30:24,1643433793,5/26/2015 15:30:15,false,clixsense,1,6342862,ESP,34,Oviedo,188.171.57.159,3,blackman12,https://raw.githubusercontent.com/kmunger/images/master/blackman12.jpg
726049317,5/26/2015 15:30:31,1643433821,5/26/2015 15:30:16,false,neodev,1.0,30666873,ESP,58,A Coruña,62.32.151.38,7,blackman12,https://raw.githubusercontent.com/kmunger/images/master/blackman12.jpg
726049317,5/26/2015 15:30:32,1643433823,5/26/2015 15:30:15,false,clixsense,1.0,31544277,UKR,04,Dnepropetrovsk,188.247.114.67,6,blackman12,https://raw.githubusercontent.com/kmunger/images/master/blackman12.jpg
726049318,5/26/2015 15:32:20,1643434476,5/26/2015 15:32:12,false,neodev,1,11046951,POL,73,Polska,178.180.171.41,8,blackman13,https://raw.githubusercontent.com/kmunger/images/master/blackman13.jpg
726049318,5/26/2015 15:32:25,1643434489,5/26/2015 15:32:15,false,clixsense,1.0,9336845,SRB,"","",24.135.100.217,6,blackman13,https://raw.githubusercontent.com/kmunger/images/master/blackman13.jpg
726049318,5/26/2015 15:32:32,1643434503,5/26/2015 15:32:17,false,neodev,1,30033873,MEX,11,León,187.205.221.80,7,blackman13,https://raw.githubusercontent.com/kmunger/images/master/blackman13.jpg
726049318,5/26/2015 15:32:31,1643434504,5/26/2015 15:32:18,false,neodev,1.0,30448360,POL,73,Polska,31.61.136.172,1,blackman13,https://raw.githubusercontent.com/kmunger/images/master/blackman13.jpg
726049318,5/26/2015 15:32:33,1643434510,5/26/2015 15:32:17,false,neodev,1.0,21222934,DEU,01,Stuttgart,89.12.60.61,7,blackman13,https://raw.githubusercontent.com/kmunger/images/master/blackman13.jpg
726049319,5/26/2015 15:29:53,1643433652,5/26/2015 15:29:49,false,elite,1,31698500,BGR,51,Plovdiv,46.55.139.236,10,blackman14,https://raw.githubusercontent.com/kmunger/images/master/blackman14.jpg
726049319,5/26/2015 15:29:56,1643433663,5/26/2015 15:29:50,false,neodev,1.0,21508570,BIH,01,Jajce,176.61.187.102,5,blackman14,https://raw.githubusercontent.com/kmunger/images/master/blackman14.jpg
726049319,5/26/2015 15:29:58,1643433670,5/26/2015 15:29:51,false,neodev,1,29925040,ESP,"","",81.45.132.240,8,blackman14,https://raw.githubusercontent.com/kmunger/images/master/blackman14.jpg
726049319,5/26/2015 15:30:01,1643433695,5/26/2015 15:29:53,false,neodev,1,31371260,BGR,41,Gabrovo,188.254.149.150,6,blackman14,https://raw.githubusercontent.com/kmunger/images/master/blackman14.jpg
726049319,5/26/2015 15:30:24,1643433794,5/26/2015 15:29:46,false,neodev,1.0,28513920,JOR,02,Amman,212.34.12.190,7,blackman14,https://raw.githubusercontent.com/kmunger/images/master/blackman14.jpg
726049320,5/26/2015 15:30:10,1643433742,5/26/2015 15:30:03,false,neodev,1.0,32357331,IND,35,Indore,103.19.128.191,8,blackman15,https://raw.githubusercontent.com/kmunger/images/master/blackman15.jpg
726049320,5/26/2015 15:30:14,1643433747,5/26/2015 15:30:00,false,clixsense,1.0,32253362,TUR,"","",195.142.179.118,4,blackman15,https://raw.githubusercontent.com/kmunger/images/master/blackman15.jpg
726049320,5/26/2015 15:30:15,1643433748,5/26/2015 15:30:03,false,clixsense,1.0,30499266,IND,13,Kochi,59.89.213.88,5,blackman15,https://raw.githubusercontent.com/kmunger/images/master/blackman15.jpg
726049320,5/26/2015 15:30:22,1643433795,5/26/2015 15:30:04,false,neodev,1,30524931,IND,"","",117.253.137.219,6,blackman15,https://raw.githubusercontent.com/kmunger/images/master/blackman15.jpg
726049320,5/26/2015 15:30:53,1643433942,5/26/2015 15:30:02,false,neodev,1,32287478,IND,13,Alappuzha,116.68.100.34,3,blackman15,https://raw.githubusercontent.com/kmunger/images/master/blackman15.jpg
726049321,5/26/2015 15:32:46,1643434564,5/26/2015 15:32:24,false,neodev,1.0,25995345,IND,02,Hyderabad,124.123.181.100,7,whiteman1,https://raw.githubusercontent.com/kmunger/images/master/whiteman1.jpg
726049321,5/26/2015 15:32:51,1643434602,5/26/2015 15:32:28,false,clixsense,1.0,9336845,SRB,"","",24.135.100.217,5,whiteman1,https://raw.githubusercontent.com/kmunger/images/master/whiteman1.jpg
726049321,5/26/2015 15:33:01,1643434629,5/26/2015 15:32:25,false,clixsense,1,13935099,VEN,"","",190.206.208.70,6,whiteman1,https://raw.githubusercontent.com/kmunger/images/master/whiteman1.jpg
726049321,5/26/2015 15:33:10,1643434665,5/26/2015 15:32:28,false,neodev,1.0,20406761,PRT,22,Viseu,2.80.205.150,9,whiteman1,https://raw.githubusercontent.com/kmunger/images/master/whiteman1.jpg
726049321,5/26/2015 15:33:07,1643434670,5/26/2015 15:32:25,false,neodev,1.0,27667288,CAN,MB,Brandon,216.36.187.168,5,whiteman1,https://raw.githubusercontent.com/kmunger/images/master/whiteman1.jpg
726049322,5/26/2015 15:33:25,1643434711,5/26/2015 15:33:19,false,elite,1,28321838,IND,21,Bhubaneswar,117.214.86.27,10,whiteman2,https://raw.githubusercontent.com/kmunger/images/master/whiteman2.jpg
726049322,5/26/2015 15:33:33,1643434732,5/26/2015 15:33:19,false,elite,1,28475285,IND,16,Mumbai,116.203.78.98,6,whiteman2,https://raw.githubusercontent.com/kmunger/images/master/whiteman2.jpg
726049322,5/26/2015 15:33:34,1643434738,5/26/2015 15:33:19,false,clixsense,1.0,29593510,BIH,02,Banja Luka,79.143.166.165,4,whiteman2,https://raw.githubusercontent.com/kmunger/images/master/whiteman2.jpg
726049322,5/26/2015 15:33:37,1643434763,5/26/2015 15:33:24,false,neodev,1.0,30666873,ESP,58,A Coruña,62.32.151.38,3,whiteman2,https://raw.githubusercontent.com/kmunger/images/master/whiteman2.jpg
726049322,5/26/2015 15:33:50,1643434818,5/26/2015 15:33:19,false,neodev,1.0,28513920,JOR,02,Amman,212.34.12.190,7,whiteman2,https://raw.githubusercontent.com/kmunger/images/master/whiteman2.jpg
726049323,5/26/2015 15:30:24,1643433792,5/26/2015 15:30:18,false,clixsense,1.0,32091927,VEN,"","",190.202.25.126,7,whiteman3,https://raw.githubusercontent.com/kmunger/images/master/whiteman3.jpg
726049323,5/26/2015 15:30:25,1643433798,5/26/2015 15:30:17,false,clixsense,1,32538526,ROU,"","",213.233.64.190,7,whiteman3,https://raw.githubusercontent.com/kmunger/images/master/whiteman3.jpg
726049323,5/26/2015 15:30:28,1643433803,5/26/2015 15:30:17,false,clixsense,1.0,30499266,IND,13,Kochi,59.89.213.88,7,whiteman3,https://raw.githubusercontent.com/kmunger/images/master/whiteman3.jpg
726049323,5/26/2015 15:30:31,1643433824,5/26/2015 15:30:23,false,neodev,1.0,30524931,IND,"","",117.253.137.219,8,whiteman3,https://raw.githubusercontent.com/kmunger/images/master/whiteman3.jpg
726049323,5/26/2015 15:31:20,1643434114,5/26/2015 15:30:16,false,neodev,1,32236885,EGY,06,Alexandria,197.38.145.53,7,whiteman3,https://raw.githubusercontent.com/kmunger/images/master/whiteman3.jpg
726049324,5/26/2015 15:31:41,1643434212,5/26/2015 15:31:36,false,neodev,1,31355178,UKR,18,Poltava,87.244.173.10,6,whiteman4,https://raw.githubusercontent.com/kmunger/images/master/whiteman4.jpg
726049324,5/26/2015 15:31:46,1643434246,5/26/2015 15:31:35,false,neodev,1.0,32236885,EGY,06,Alexandria,197.38.145.53,4,whiteman4,https://raw.githubusercontent.com/kmunger/images/master/whiteman4.jpg
726049324,5/26/2015 15:31:50,1643434283,5/26/2015 15:31:36,false,neodev,1.0,30666873,ESP,58,A Coruña,62.32.151.38,6,whiteman4,https://raw.githubusercontent.com/kmunger/images/master/whiteman4.jpg
726049324,5/26/2015 15:31:54,1643434290,5/26/2015 15:31:36,false,clixsense,1.0,9336845,SRB,"","",24.135.100.217,5,whiteman4,https://raw.githubusercontent.com/kmunger/images/master/whiteman4.jpg
726049324,5/26/2015 15:31:57,1643434302,5/26/2015 15:31:35,false,neodev,1.0,11046951,POL,73,Polska,178.180.171.41,6,whiteman4,https://raw.githubusercontent.com/kmunger/images/master/whiteman4.jpg
726049325,5/26/2015 15:31:32,1643434190,5/26/2015 15:31:22,false,neodev,1.0,32236885,EGY,06,Alexandria,197.38.145.53,6,whiteman5,https://raw.githubusercontent.com/kmunger/images/master/whiteman5.jpg
726049325,5/26/2015 15:31:34,1643434193,5/26/2015 15:31:24,false,neodev,1,30367483,SRB,"","",93.87.24.230,1,whiteman5,https://raw.githubusercontent.com/kmunger/images/master/whiteman5.jpg
726049325,5/26/2015 15:31:35,1643434195,5/26/2015 15:31:29,false,tremorgames,1,29783281,TUR,68,Ankara,88.224.252.203,8,whiteman5,https://raw.githubusercontent.com/kmunger/images/master/whiteman5.jpg
726049325,5/26/2015 15:31:41,1643434214,5/26/2015 15:31:28,false,clixsense,1,31307491,AUT,"","",178.165.131.255,8,whiteman5,https://raw.githubusercontent.com/kmunger/images/master/whiteman5.jpg
726049325,5/26/2015 15:32:03,1643434311,5/26/2015 15:31:30,false,clixsense,1.0,29523309,JPN,"","",43.249.226.124,9,whiteman5,https://raw.githubusercontent.com/kmunger/images/master/whiteman5.jpg
726049326,5/26/2015 15:32:56,1643434613,5/26/2015 15:32:48,false,points4rewards,1,28755767,USA,VA,Chester,68.57.118.32,6,whiteman6,https://raw.githubusercontent.com/kmunger/images/master/whiteman6.jpg
726049326,5/26/2015 15:32:56,1643434619,5/26/2015 15:32:50,false,neodev,1.0,30623463,VEN,"","",201.208.19.135,3,whiteman6,https://raw.githubusercontent.com/kmunger/images/master/whiteman6.jpg
726049326,5/26/2015 15:32:58,1643434620,5/26/2015 15:32:51,false,clixsense,1.0,29779385,ARG,"","",201.176.155.235,3,whiteman6,https://raw.githubusercontent.com/kmunger/images/master/whiteman6.jpg
726049326,5/26/2015 15:33:04,1643434651,5/26/2015 15:32:51,false,clixsense,1.0,6340330,USA,NY,Canajoharie,67.248.115.74,7,whiteman6,https://raw.githubusercontent.com/kmunger/images/master/whiteman6.jpg
726049326,5/26/2015 15:33:12,1643434679,5/26/2015 15:32:51,false,clixsense,1.0,32369057,HKG,00,Central District,14.198.175.42,6,whiteman6,https://raw.githubusercontent.com/kmunger/images/master/whiteman6.jpg
726049327,5/26/2015 15:31:53,1643434288,5/26/2015 15:31:46,false,clixsense,1,31178177,PHL,"","",112.202.78.233,10,whiteman7,https://raw.githubusercontent.com/kmunger/images/master/whiteman7.jpg
726049327,5/26/2015 15:31:56,1643434292,5/26/2015 15:31:49,false,neodev,1,20769380,IND,19,Bangalore,103.5.132.156,6,whiteman7,https://raw.githubusercontent.com/kmunger/images/master/whiteman7.jpg
726049327,5/26/2015 15:31:56,1643434293,5/26/2015 15:31:49,false,elite,1,32059937,TUR,45,Manisa,88.240.218.155,8,whiteman7,https://raw.githubusercontent.com/kmunger/images/master/whiteman7.jpg
726049327,5/26/2015 15:32:03,1643434317,5/26/2015 15:31:48,false,neodev,1.0,32236885,EGY,06,Alexandria,197.38.145.53,4,whiteman7,https://raw.githubusercontent.com/kmunger/images/master/whiteman7.jpg
726049327,5/26/2015 15:32:05,1643434349,5/26/2015 15:31:50,false,neodev,1.0,22222226,IND,10,Gurgaon,14.98.120.51,7,whiteman7,https://raw.githubusercontent.com/kmunger/images/master/whiteman7.jpg
726049328,5/26/2015 15:31:03,1643434041,5/26/2015 15:30:55,false,neodev,1.0,32287478,IND,13,Alappuzha,116.68.100.34,6,whiteman8,https://raw.githubusercontent.com/kmunger/images/master/whiteman8.jpg
726049328,5/26/2015 15:31:05,1643434050,5/26/2015 15:30:56,false,elite,1,27904836,VEN,25,Caracas,200.8.56.70,6,whiteman8,https://raw.githubusercontent.com/kmunger/images/master/whiteman8.jpg
726049328,5/26/2015 15:31:19,1643434102,5/26/2015 15:30:55,false,elite,1,32164061,IND,13,Kottayam,117.201.198.13,8,whiteman8,https://raw.githubusercontent.com/kmunger/images/master/whiteman8.jpg
726049328,5/26/2015 15:31:27,1643434155,5/26/2015 15:30:53,false,clixsense,1.0,29523309,JPN,"","",43.249.226.124,9,whiteman8,https://raw.githubusercontent.com/kmunger/images/master/whiteman8.jpg
726049328,5/26/2015 15:31:34,1643434198,5/26/2015 15:30:53,false,elite,1.0,31806068,MYS,14,Kuala Lumpur,60.50.124.21,5,whiteman8,https://raw.githubusercontent.com/kmunger/images/master/whiteman8.jpg
726049329,5/26/2015 15:30:40,1643433855,5/26/2015 15:30:33,false,clixsense,1.0,31544277,UKR,04,Dnepropetrovsk,188.247.114.67,6,whiteman9,https://raw.githubusercontent.com/kmunger/images/master/whiteman9.jpg
726049329,5/26/2015 15:30:45,1643433877,5/26/2015 15:30:33,false,clixsense,1.0,21781365,PAK,03,Abbottabad,39.54.108.174,8,whiteman9,https://raw.githubusercontent.com/kmunger/images/master/whiteman9.jpg
726049329,5/26/2015 15:30:47,1643433929,5/26/2015 15:30:33,false,clixsense,1.0,29506198,BIH,01,Zenica,109.163.165.117,2,whiteman9,https://raw.githubusercontent.com/kmunger/images/master/whiteman9.jpg
726049329,5/26/2015 15:30:56,1643433967,5/26/2015 15:30:36,false,clixsense,1.0,31307491,AUT,"","",178.165.131.255,6,whiteman9,https://raw.githubusercontent.com/kmunger/images/master/whiteman9.jpg
726049329,5/26/2015 15:31:18,1643434082,5/26/2015 15:30:46,false,elite,1.0,32306791,GBR,H9,London,31.3.224.69,9,whiteman9,https://raw.githubusercontent.com/kmunger/images/master/whiteman9.jpg
726049330,5/26/2015 15:31:27,1643434154,5/26/2015 15:31:18,false,tremorgames,1.0,29783281,TUR,68,Ankara,88.224.252.203,7,whiteman10,https://raw.githubusercontent.com/kmunger/images/master/whiteman10.jpg
726049330,5/26/2015 15:31:29,1643434167,5/26/2015 15:31:14,false,clixsense,1,22778480,GRC,35,Athens,195.134.64.25,2,whiteman10,https://raw.githubusercontent.com/kmunger/images/master/whiteman10.jpg
726049330,5/26/2015 15:31:34,1643434192,5/26/2015 15:31:18,false,neodev,1.0,30666873,ESP,58,A Coruña,62.32.151.38,5,whiteman10,https://raw.githubusercontent.com/kmunger/images/master/whiteman10.jpg
726049330,5/26/2015 15:31:35,1643434202,5/26/2015 15:31:18,false,neodev,1.0,31355178,UKR,18,Poltava,87.244.173.10,6,whiteman10,https://raw.githubusercontent.com/kmunger/images/master/whiteman10.jpg
726049330,5/26/2015 16:01:37,1643445297,5/26/2015 16:01:20,false,clixsense,1,28101815,BGR,45,Dupnica,151.237.67.43,10,whiteman10,https://raw.githubusercontent.com/kmunger/images/master/whiteman10.jpg
726049331,5/26/2015 15:32:33,1643434505,5/26/2015 15:32:19,false,points4rewards,1,28755767,USA,VA,Chester,68.57.118.32,7,whiteman11,https://raw.githubusercontent.com/kmunger/images/master/whiteman11.jpg
726049331,5/26/2015 15:32:30,1643434506,5/26/2015 15:32:20,false,neodev,1.0,32236885,EGY,06,Alexandria,197.38.145.53,3,whiteman11,https://raw.githubusercontent.com/kmunger/images/master/whiteman11.jpg
726049331,5/26/2015 15:32:32,1643434507,5/26/2015 15:32:20,false,neodev,1,11151663,POL,78,Warsaw,83.19.115.242,4,whiteman11,https://raw.githubusercontent.com/kmunger/images/master/whiteman11.jpg
726049331,5/26/2015 15:32:32,1643434509,5/26/2015 15:32:23,false,neodev,1.0,22222226,IND,10,Gurgaon,14.98.120.51,8,whiteman11,https://raw.githubusercontent.com/kmunger/images/master/whiteman11.jpg
726049331,5/26/2015 15:32:33,1643434511,5/26/2015 15:32:23,false,clixsense,1.0,32369057,HKG,00,Central District,14.198.175.42,8,whiteman11,https://raw.githubusercontent.com/kmunger/images/master/whiteman11.jpg
726049332,5/26/2015 15:30:55,1643433956,5/26/2015 15:30:47,false,clixsense,1,21781365,PAK,03,Abbottabad,39.54.108.174,6,whiteman12,https://raw.githubusercontent.com/kmunger/images/master/whiteman12.jpg
726049332,5/26/2015 15:30:56,1643433958,5/26/2015 15:30:37,false,elite,1,27904836,VEN,25,Caracas,200.8.56.70,5,whiteman12,https://raw.githubusercontent.com/kmunger/images/master/whiteman12.jpg
726049332,5/26/2015 15:31:00,1643433999,5/26/2015 15:30:50,false,clixsense,1,29506198,BIH,01,Zenica,109.163.165.117,4,whiteman12,https://raw.githubusercontent.com/kmunger/images/master/whiteman12.jpg
726049332,5/26/2015 15:31:00,1643434002,5/26/2015 15:30:46,false,neodev,1.0,30666873,ESP,58,A Coruña,62.32.151.38,8,whiteman12,https://raw.githubusercontent.com/kmunger/images/master/whiteman12.jpg
726049332,5/26/2015 15:31:16,1643434076,5/26/2015 15:30:41,false,tremorgames,1.0,29783281,TUR,68,Ankara,88.224.252.203,8,whiteman12,https://raw.githubusercontent.com/kmunger/images/master/whiteman12.jpg
726049333,5/26/2015 15:32:09,1643434362,5/26/2015 15:31:59,false,neodev,1.0,11046951,POL,73,Polska,178.180.171.41,7,whiteman13,https://raw.githubusercontent.com/kmunger/images/master/whiteman13.jpg
726049333,5/26/2015 15:32:12,1643434372,5/26/2015 15:31:56,false,clixsense,1.0,9336845,SRB,"","",24.135.100.217,6,whiteman13,https://raw.githubusercontent.com/kmunger/images/master/whiteman13.jpg
726049333,5/26/2015 15:32:14,1643434409,5/26/2015 15:31:58,false,neodev,1.0,30033873,MEX,11,León,187.205.221.80,5,whiteman13,https://raw.githubusercontent.com/kmunger/images/master/whiteman13.jpg
726049333,5/26/2015 15:32:20,1643434471,5/26/2015 15:32:02,false,clixsense,1.0,13935099,VEN,"","",190.206.208.70,4,whiteman13,https://raw.githubusercontent.com/kmunger/images/master/whiteman13.jpg
726049333,5/26/2015 15:32:39,1643434519,5/26/2015 15:32:01,false,clixsense,1.0,29593510,BIH,02,Banja Luka,79.143.166.165,5,whiteman13,https://raw.githubusercontent.com/kmunger/images/master/whiteman13.jpg
726049334,5/26/2015 15:30:18,1643433753,5/26/2015 15:30:11,false,neodev,1,30664718,VEN,25,Caracas,190.77.116.117,9,whiteman14,https://raw.githubusercontent.com/kmunger/images/master/whiteman14.jpg
726049334,5/26/2015 15:30:25,1643433797,5/26/2015 15:30:09,false,clixsense,1,7168803,RUS,84,Yelshanka,109.169.231.3,7,whiteman14,https://raw.githubusercontent.com/kmunger/images/master/whiteman14.jpg
726049334,5/26/2015 15:30:26,1643433799,5/26/2015 15:30:05,false,clixsense,1.0,29506198,BIH,01,Zenica,109.163.165.117,2,whiteman14,https://raw.githubusercontent.com/kmunger/images/master/whiteman14.jpg
726049334,5/26/2015 15:30:39,1643433853,5/26/2015 15:30:08,false,tremorgames,1.0,29783281,TUR,68,Ankara,88.224.252.203,7,whiteman14,https://raw.githubusercontent.com/kmunger/images/master/whiteman14.jpg
726049334,5/26/2015 15:30:51,1643433934,5/26/2015 15:30:13,false,clixsense,1.0,29523309,JPN,"","",43.249.226.124,9,whiteman14,https://raw.githubusercontent.com/kmunger/images/master/whiteman14.jpg
726049335,5/26/2015 15:33:22,1643434707,5/26/2015 15:33:15,false,clixsense,1,8940107,IND,25,Erode,117.222.177.110,7,whitewoman1,https://raw.githubusercontent.com/kmunger/images/master/whitewoman1.jpg
726049335,5/26/2015 15:33:24,1643434710,5/26/2015 15:33:13,false,neodev,1.0,20406761,PRT,22,Viseu,2.80.205.150,7,whitewoman1,https://raw.githubusercontent.com/kmunger/images/master/whitewoman1.jpg
726049335,5/26/2015 15:33:27,1643434715,5/26/2015 15:33:15,false,elite,1.0,32306791,GBR,H9,London,31.3.224.69,7,whitewoman1,https://raw.githubusercontent.com/kmunger/images/master/whitewoman1.jpg
726049335,5/26/2015 15:33:31,1643434719,5/26/2015 15:33:14,false,clixsense,1.0,32369057,HKG,00,Central District,14.198.175.42,6,whitewoman1,https://raw.githubusercontent.com/kmunger/images/master/whitewoman1.jpg
726049335,5/26/2015 15:33:40,1643434777,5/26/2015 15:33:12,false,clixsense,1.0,28101815,BGR,45,Dupnica,151.237.67.43,10,whitewoman1,https://raw.githubusercontent.com/kmunger/images/master/whitewoman1.jpg
726049336,5/26/2015 15:29:49,1643433588,5/26/2015 15:29:24,false,neodev,1.0,29925040,ESP,"","",81.45.132.240,7,whitewoman2,https://raw.githubusercontent.com/kmunger/images/master/whitewoman2.jpg
726049336,5/26/2015 15:29:52,1643433646,5/26/2015 15:29:29,false,neodev,1.0,31371260,BGR,41,Gabrovo,188.254.149.150,7,whitewoman2,https://raw.githubusercontent.com/kmunger/images/master/whitewoman2.jpg
726049336,5/26/2015 15:29:59,1643433680,5/26/2015 15:29:26,false,clixsense,1.0,32442872,SRB,00,Sombor,188.2.169.179,5,whitewoman2,https://raw.githubusercontent.com/kmunger/images/master/whitewoman2.jpg
726049336,5/26/2015 15:30:09,1643433736,5/26/2015 15:29:27,false,neodev,1.0,30664718,VEN,25,Caracas,190.77.116.117,9,whitewoman2,https://raw.githubusercontent.com/kmunger/images/master/whitewoman2.jpg
726049336,5/26/2015 15:31:23,1643434125,5/26/2015 15:30:24,false,neodev,1.0,30367483,SRB,"","",93.87.24.230,8,whitewoman2,https://raw.githubusercontent.com/kmunger/images/master/whitewoman2.jpg
726049337,5/26/2015 15:32:16,1643434447,5/26/2015 15:32:07,false,neodev,1.0,32236885,EGY,06,Alexandria,197.38.145.53,3,whitewoman3,https://raw.githubusercontent.com/kmunger/images/master/whitewoman3.jpg
726049337,5/26/2015 15:32:20,1643434470,5/26/2015 15:32:07,false,clixsense,1.0,32369057,HKG,00,Central District,14.198.175.42,8,whitewoman3,https://raw.githubusercontent.com/kmunger/images/master/whitewoman3.jpg
726049337,5/26/2015 15:32:23,1643434483,5/26/2015 15:32:05,false,elite,1.0,32306791,GBR,H9,London,31.3.224.69,7,whitewoman3,https://raw.githubusercontent.com/kmunger/images/master/whitewoman3.jpg
726049337,5/26/2015 15:32:36,1643434524,5/26/2015 15:32:07,false,clixsense,1.0,29779385,ARG,"","",201.176.155.235,8,whitewoman3,https://raw.githubusercontent.com/kmunger/images/master/whitewoman3.jpg
726049337,5/26/2015 15:32:39,1643434525,5/26/2015 15:32:05,false,clixsense,1.0,29523309,JPN,"","",43.249.226.124,8,whitewoman3,https://raw.githubusercontent.com/kmunger/images/master/whitewoman3.jpg
726049338,5/26/2015 15:32:42,1643434535,5/26/2015 15:32:33,false,neodev,1.0,32236885,EGY,06,Alexandria,197.38.145.53,3,whitewoman4,https://raw.githubusercontent.com/kmunger/images/master/whitewoman4.jpg
726049338,5/26/2015 15:32:43,1643434550,5/26/2015 15:32:34,false,neodev,1.0,22222226,IND,10,Gurgaon,14.98.120.51,6,whitewoman4,https://raw.githubusercontent.com/kmunger/images/master/whitewoman4.jpg
726049338,5/26/2015 15:32:43,1643434559,5/26/2015 15:32:34,false,neodev,1.0,30448360,POL,73,Polska,31.61.136.172,2,whitewoman4,https://raw.githubusercontent.com/kmunger/images/master/whitewoman4.jpg
726049338,5/26/2015 15:33:00,1643434625,5/26/2015 15:32:33,false,clixsense,1.0,8940107,IND,25,Erode,117.222.177.110,4,whitewoman4,https://raw.githubusercontent.com/kmunger/images/master/whitewoman4.jpg
726049338,5/26/2015 15:34:03,1643434862,5/26/2015 15:32:31,false,clixsense,1,30999046,HRV,"","",93.143.214.200,3,whitewoman4,https://raw.githubusercontent.com/kmunger/images/master/whitewoman4.jpg
726049339,5/26/2015 15:32:41,1643434527,5/26/2015 15:32:34,false,neodev,1.0,11151663,POL,78,Warsaw,83.19.115.242,4,whitewoman5,https://raw.githubusercontent.com/kmunger/images/master/whitewoman5.jpg
726049339,5/26/2015 15:32:43,1643434551,5/26/2015 15:32:34,false,neodev,1.0,30033873,MEX,11,León,187.205.221.80,6,whitewoman5,https://raw.githubusercontent.com/kmunger/images/master/whitewoman5.jpg
726049339,5/26/2015 15:32:44,1643434552,5/26/2015 15:32:35,false,neodev,1.0,32538487,SRB,00,Belgrade,24.135.227.164,7,whitewoman5,https://raw.githubusercontent.com/kmunger/images/master/whitewoman5.jpg
726049339,5/26/2015 15:32:45,1643434566,5/26/2015 15:32:36,false,neodev,1.0,21222934,DEU,01,Stuttgart,89.12.60.61,8,whitewoman5,https://raw.githubusercontent.com/kmunger/images/master/whitewoman5.jpg
726049339,5/26/2015 15:32:46,1643434567,5/26/2015 15:32:35,false,points4rewards,1.0,28755767,USA,VA,Chester,68.57.118.32,6,whitewoman5,https://raw.githubusercontent.com/kmunger/images/master/whitewoman5.jpg
726049341,5/26/2015 15:31:52,1643434287,5/26/2015 15:31:43,false,clixsense,1.0,31307491,AUT,"","",178.165.131.255,8,whitewoman6,https://raw.githubusercontent.com/kmunger/images/master/whitewoman6.jpg
726049341,5/26/2015 15:31:54,1643434291,5/26/2015 15:31:44,false,neodev,1,11461054,CHL,06,Concepcion,190.100.123.243,10,whitewoman6,https://raw.githubusercontent.com/kmunger/images/master/whitewoman6.jpg
726049341,5/26/2015 15:32:00,1643434312,5/26/2015 15:31:46,false,elite,1.0,32306791,GBR,H9,London,31.3.224.69,8,whitewoman6,https://raw.githubusercontent.com/kmunger/images/master/whitewoman6.jpg
726049341,5/26/2015 15:32:10,1643434368,5/26/2015 15:31:40,false,neodev,1.0,27667288,CAN,MB,Brandon,216.36.187.168,9,whitewoman6,https://raw.githubusercontent.com/kmunger/images/master/whitewoman6.jpg
726049341,5/26/2015 15:32:15,1643434411,5/26/2015 15:31:43,false,neodev,1.0,11151663,POL,78,Warsaw,83.19.115.242,5,whitewoman6,https://raw.githubusercontent.com/kmunger/images/master/whitewoman6.jpg
726049342,5/26/2015 15:33:08,1643434671,5/26/2015 15:33:03,false,clixsense,1.0,13935099,VEN,"","",190.206.208.70,4,whitewoman7,https://raw.githubusercontent.com/kmunger/images/master/whitewoman7.jpg
726049342,5/26/2015 15:33:11,1643434678,5/26/2015 15:33:02,false,neodev,1.0,21222934,DEU,01,Stuttgart,89.12.60.61,7,whitewoman7,https://raw.githubusercontent.com/kmunger/images/master/whitewoman7.jpg
726049342,5/26/2015 15:33:12,1643434681,5/26/2015 15:33:02,false,clixsense,1.0,8940107,IND,25,Erode,117.222.177.110,6,whitewoman7,https://raw.githubusercontent.com/kmunger/images/master/whitewoman7.jpg
726049342,5/26/2015 15:33:16,1643434691,5/26/2015 15:33:04,false,elite,1.0,28321838,IND,21,Bhubaneswar,117.214.86.27,10,whitewoman7,https://raw.githubusercontent.com/kmunger/images/master/whitewoman7.jpg
726049342,5/26/2015 15:33:17,1643434694,5/26/2015 15:33:03,false,clixsense,1.0,29593510,BIH,02,Banja Luka,79.143.166.165,4,whitewoman7,https://raw.githubusercontent.com/kmunger/images/master/whitewoman7.jpg
726049343,5/26/2015 15:31:11,1643434063,5/26/2015 15:31:03,false,clixsense,1.0,29506198,BIH,01,Zenica,109.163.165.117,6,whitewoman8,https://raw.githubusercontent.com/kmunger/images/master/whitewoman8.jpg
726049343,5/26/2015 15:31:12,1643434072,5/26/2015 15:31:05,false,clixsense,1,31151345,,,"",185.79.230.246,7,whitewoman8,https://raw.githubusercontent.com/kmunger/images/master/whitewoman8.jpg
726049343,5/26/2015 15:31:16,1643434075,5/26/2015 15:31:06,false,neodev,1.0,31355178,UKR,18,Poltava,87.244.173.10,6,whitewoman8,https://raw.githubusercontent.com/kmunger/images/master/whitewoman8.jpg
726049343,5/26/2015 15:31:16,1643434079,5/26/2015 15:31:03,false,neodev,1.0,30666873,ESP,58,A Coruña,62.32.151.38,9,whitewoman8,https://raw.githubusercontent.com/kmunger/images/master/whitewoman8.jpg
726049343,5/26/2015 15:31:31,1643434172,5/26/2015 15:30:59,false,neodev,1.0,28513920,JOR,02,Amman,212.34.12.190,6,whitewoman8,https://raw.githubusercontent.com/kmunger/images/master/whitewoman8.jpg
726049344,5/26/2015 15:31:10,1643434059,5/26/2015 15:30:58,false,clixsense,1.0,31307491,AUT,"","",178.165.131.255,5,whitewoman9,https://raw.githubusercontent.com/kmunger/images/master/whitewoman9.jpg
726049344,5/26/2015 15:31:08,1643434061,5/26/2015 15:30:57,false,elite,1,31054203,IND,02,Hyderabad,49.207.220.176,9,whitewoman9,https://raw.githubusercontent.com/kmunger/images/master/whitewoman9.jpg
726049344,5/26/2015 15:31:12,1643434073,5/26/2015 15:30:58,false,neodev,1,28844739,GRC,35,Athens,46.177.131.244,7,whitewoman9,https://raw.githubusercontent.com/kmunger/images/master/whitewoman9.jpg
726049344,5/26/2015 15:31:32,1643434179,5/26/2015 15:30:58,false,clixsense,1.0,32369057,HKG,00,Central District,14.198.175.42,8,whitewoman9,https://raw.githubusercontent.com/kmunger/images/master/whitewoman9.jpg
726049344,5/26/2015 15:31:33,1643434191,5/26/2015 15:30:57,false,clixsense,1.0,9336845,SRB,"","",24.135.100.217,4,whitewoman9,https://raw.githubusercontent.com/kmunger/images/master/whitewoman9.jpg
726049345,5/26/2015 15:30:34,1643433825,5/26/2015 15:30:27,false,clixsense,1.0,7168803,RUS,84,Yelshanka,109.169.231.3,8,whitewoman10,https://raw.githubusercontent.com/kmunger/images/master/whitewoman10.jpg
726049345,5/26/2015 15:30:34,1643433827,5/26/2015 15:30:25,false,clixsense,1.0,32442872,SRB,00,Sombor,188.2.169.179,3,whitewoman10,https://raw.githubusercontent.com/kmunger/images/master/whitewoman10.jpg
726049345,5/26/2015 15:30:37,1643433851,5/26/2015 15:30:30,false,clixsense,1.0,30499266,IND,13,Kochi,59.89.213.88,7,whitewoman10,https://raw.githubusercontent.com/kmunger/images/master/whitewoman10.jpg
726049345,5/26/2015 15:30:44,1643433876,5/26/2015 15:30:32,false,neodev,1.0,30666873,ESP,58,A Coruña,62.32.151.38,5,whitewoman10,https://raw.githubusercontent.com/kmunger/images/master/whitewoman10.jpg
726049345,5/26/2015 15:30:57,1643433979,5/26/2015 15:30:26,false,neodev,1.0,28513920,JOR,02,Amman,212.34.12.190,6,whitewoman10,https://raw.githubusercontent.com/kmunger/images/master/whitewoman10.jpg
726049346,5/26/2015 15:31:16,1643434077,5/26/2015 15:31:10,false,elite,1.0,31054203,IND,02,Hyderabad,49.207.220.176,9,whitewoman11,https://raw.githubusercontent.com/kmunger/images/master/whitewoman11.jpg
726049346,5/26/2015 15:31:20,1643434107,5/26/2015 15:31:13,false,neodev,1.0,28844739,GRC,35,Athens,46.177.131.244,8,whitewoman11,https://raw.githubusercontent.com/kmunger/images/master/whitewoman11.jpg
726049346,5/26/2015 15:31:25,1643434131,5/26/2015 15:31:12,false,clixsense,1.0,31307491,AUT,"","",178.165.131.255,9,whitewoman11,https://raw.githubusercontent.com/kmunger/images/master/whitewoman11.jpg
726049346,5/26/2015 15:31:30,1643434169,5/26/2015 15:31:07,false,clixsense,1.0,31178177,PHL,"","",112.202.78.233,10,whitewoman11,https://raw.githubusercontent.com/kmunger/images/master/whitewoman11.jpg
726049346,5/26/2015 15:31:43,1643434233,5/26/2015 15:31:12,false,neodev,1.0,11461054,CHL,06,Concepcion,190.100.123.243,10,whitewoman11,https://raw.githubusercontent.com/kmunger/images/master/whitewoman11.jpg
726049347,5/26/2015 15:31:42,1643434232,5/26/2015 15:31:37,false,tremorgames,1,17000564,SVK,03,Michalovce,89.173.149.69,5,whitewoman12,https://raw.githubusercontent.com/kmunger/images/master/whitewoman12.jpg
726049347,5/26/2015 15:31:44,1643434235,5/26/2015 15:31:36,false,neodev,1.0,30367483,SRB,"","",93.87.24.230,10,whitewoman12,https://raw.githubusercontent.com/kmunger/images/master/whitewoman12.jpg
726049347,5/26/2015 15:31:48,1643434268,5/26/2015 15:31:37,false,elite,1.0,32059937,TUR,45,Manisa,88.240.218.155,9,whitewoman12,https://raw.githubusercontent.com/kmunger/images/master/whitewoman12.jpg
726049347,5/26/2015 15:31:47,1643434270,5/26/2015 15:31:39,false,clixsense,1,30062154,BGD,81,Dhaka,202.4.173.56,4,whitewoman12,https://raw.githubusercontent.com/kmunger/images/master/whitewoman12.jpg
726049347,5/26/2015 15:31:53,1643434289,5/26/2015 15:31:37,false,elite,1.0,31806068,MYS,14,Kuala Lumpur,60.50.124.21,5,whitewoman12,https://raw.githubusercontent.com/kmunger/images/master/whitewoman12.jpg
726049348,5/26/2015 15:30:05,1643433721,5/26/2015 15:29:57,false,elite,1.0,25620782,IDN,10,Yogyakarta,118.97.15.67,1,whitewoman13,https://raw.githubusercontent.com/kmunger/images/master/whitewoman13.jpg
726049348,5/26/2015 15:30:09,1643433741,5/26/2015 15:30:00,false,clixsense,1.0,18526351,IND,13,Pathanamthitta,117.248.60.157,6,whitewoman13,https://raw.githubusercontent.com/kmunger/images/master/whitewoman13.jpg
726049348,5/26/2015 15:30:12,1643433743,5/26/2015 15:30:01,false,clixsense,1.0,32442872,SRB,00,Sombor,188.2.169.179,3,whitewoman13,https://raw.githubusercontent.com/kmunger/images/master/whitewoman13.jpg
726049348,5/26/2015 15:30:14,1643433744,5/26/2015 15:29:55,false,clixsense,1.0,6342862,ESP,34,Oviedo,188.171.57.159,4,whitewoman13,https://raw.githubusercontent.com/kmunger/images/master/whitewoman13.jpg
726049348,5/26/2015 15:30:13,1643433745,5/26/2015 15:30:00,false,neodev,1.0,30666873,ESP,58,A Coruña,62.32.151.38,4,whitewoman13,https://raw.githubusercontent.com/kmunger/images/master/whitewoman13.jpg
726049349,5/26/2015 15:31:38,1643434211,5/26/2015 15:31:32,false,clixsense,1.0,22778480,GRC,35,Athens,195.134.64.25,4,whitewoman14,https://raw.githubusercontent.com/kmunger/images/master/whitewoman14.jpg
726049349,5/26/2015 15:31:44,1643434236,5/26/2015 15:31:34,false,clixsense,1.0,31178177,PHL,"","",112.202.78.233,7,whitewoman14,https://raw.githubusercontent.com/kmunger/images/master/whitewoman14.jpg
726049349,5/26/2015 15:31:48,1643434271,5/26/2015 15:31:34,false,clixsense,1.0,32369057,HKG,00,Central District,14.198.175.42,8,whitewoman14,https://raw.githubusercontent.com/kmunger/images/master/whitewoman14.jpg
726049349,5/26/2015 15:31:57,1643434303,5/26/2015 15:31:30,false,neodev,1.0,30033873,MEX,11,León,187.205.221.80,6,whitewoman14,https://raw.githubusercontent.com/kmunger/images/master/whitewoman14.jpg
726049349,5/26/2015 15:32:07,1643434326,5/26/2015 15:31:34,false,neodev,1.0,28513920,JOR,02,Amman,212.34.12.190,8,whitewoman14,https://raw.githubusercontent.com/kmunger/images/master/whitewoman14.jpg
726049350,5/26/2015 15:31:29,1643434165,5/26/2015 15:31:21,false,elite,1.0,32164061,IND,13,Kottayam,117.201.198.13,4,whitewoman15,https://raw.githubusercontent.com/kmunger/images/master/whitewoman15.jpg
726049350,5/26/2015 15:31:35,1643434196,5/26/2015 15:31:21,false,tremorgames,1.0,17000564,SVK,03,Michalovce,89.173.149.69,3,whitewoman15,https://raw.githubusercontent.com/kmunger/images/master/whitewoman15.jpg
726049350,5/26/2015 15:31:37,1643434205,5/26/2015 15:31:20,false,clixsense,1.0,30062154,BGD,81,Dhaka,202.4.173.56,1,whitewoman15,https://raw.githubusercontent.com/kmunger/images/master/whitewoman15.jpg
726049350,5/26/2015 15:31:42,1643434216,5/26/2015 15:31:21,false,elite,1.0,32306791,GBR,H9,London,31.3.224.69,10,whitewoman15,https://raw.githubusercontent.com/kmunger/images/master/whitewoman15.jpg
726049350,5/26/2015 15:31:47,1643434261,5/26/2015 15:31:20,false,neodev,1.0,20769380,IND,19,Bangalore,103.5.132.156,7,whitewoman15,https://raw.githubusercontent.com/kmunger/images/master/whitewoman15.jpg
